{
  "IcoMoonType": "selection",
  "icons": [
    {
      "icon": {
        "paths": [
          "M1024 939.52v33.28c0 28.277-22.923 51.2-51.2 51.2v0h-102.4c-480.709 0-870.4-389.691-870.4-870.4v0-102.4c0-28.277 22.923-51.2 51.2-51.2v0h204.8c28.277 0 51.2 22.923 51.2 51.2v0 204.8c0 28.672-15.872 67.072-35.84 87.040l-109.568 109.568c77.824 184.32 225.28 331.776 409.6 409.6l108.544-108.544c20.48-20.48 58.88-36.352 87.040-36.352h205.824c28.056 0.29 50.688 23.1 50.688 51.197 0 0.001 0 0.002 0 0.003v0 171.52z"
        ],
        "attrs": [
          {}
        ],
        "isMulticolor": false,
        "isMulticolor2": false,
        "tags": [
          "phone"
        ],
        "grid": 20
      },
      "attrs": [
        {}
      ],
      "properties": {
        "order": 1,
        "id": 1,
        "prevSize": 20,
        "code": 59648,
        "name": "phone"
      },
      "setIdx": 0,
      "setId": 2,
      "iconIdx": 0
    },
    {
      "icon": {
        "paths": [
          "M921.6 102.4c56.554 0 102.4 45.846 102.4 102.4v0 614.4c0 56.554-45.846 102.4-102.4 102.4v0h-819.2c-56.554 0-102.4-45.846-102.4-102.4v0-614.4c0-56.32 46.080-102.4 102.4-102.4h819.2zM697.856 568.32l326.144 250.88v-102.4l-262.144-199.68 262.144-209.92v-102.4l-512 409.6-512-409.6v102.4l262.144 209.92-262.144 199.68v102.4l326.144-250.88 185.856 148.48 185.856-148.48z"
        ],
        "attrs": [
          {}
        ],
        "isMulticolor": false,
        "isMulticolor2": false,
        "tags": [
          "email"
        ],
        "grid": 20
      },
      "attrs": [
        {}
      ],
      "properties": {
        "order": 1,
        "id": 0,
        "name": "email",
        "prevSize": 20,
        "code": 59649
      },
      "setIdx": 0,
      "setId": 2,
      "iconIdx": 1
    }
  ],
  "height": 1024,
  "metadata": {
    "name": "icomoon"
  },
  "preferences": {
    "showGlyphs": true,
    "showQuickUse": true,
    "showQuickUse2": true,
    "showSVGs": true,
    "fontPref": {
      "prefix": "icon-",
      "metadata": {
        "fontFamily": "icomoon"
      },
      "metrics": {
        "emSize": 1024,
        "baseline": 6.25,
        "whitespace": 50
      },
      "embed": false
    },
    "imagePref": {
      "prefix": "icon-",
      "png": true,
      "useClassSelector": true,
      "color": 0,
      "bgColor": 16777215,
      "classSelector": ".icon"
    },
    "historySize": 50,
    "showCodes": true,
    "gridSize": 16,
    "showGrid": false
  }
}